example,method,label,steps,area_km2,calibration_start,calibration_end,validation_start,validation_end,seed,objective_loss,evaluations,seconds,converged,calibration_nse,calibration_kge,calibration_rmse,calibration_log_nse,validation_nse,validation_kge,validation_rmse,validation_log_nse
1,de,Differential evolution,10957,382.0,1982-01-01,2001-12-30,2001-12-31,2010-12-31,42,0.7586635363783977,960,0.5192352080484852,True,0.24133646362160233,0.24465098783737427,1.7155832490482472,0.2295216720138865,0.15827912787000975,0.3948256812683273,2.4052835815766676,0.3947074618139256
1,lhs,Latin hypercube,10957,382.0,1982-01-01,2001-12-30,2001-12-31,2010-12-31,42,0.8416702865900687,3000,1.6041477079852484,False,0.1583297134099313,0.23399409559816253,1.8070001532340982,0.340501399581436,0.04006244778772383,0.3616829300829525,2.568642885913248,0.4468386849701108
1,multistart,Multi-start differential evolution,10957,382.0,1982-01-01,2001-12-30,2001-12-31,2010-12-31,42,0.7586635363783977,2800,1.5146466250880621,True,0.24133646362160233,0.24465098783737427,1.7155832490482472,0.2295216720138865,0.15827912787000975,0.3948256812683273,2.4052835815766676,0.3947074618139256
2,de,Differential evolution,3287,73.4,1983-01-01,1988-04-18,1988-04-19,1990-12-31,42,0.27760616429645335,960,0.1657837920356542,True,0.7223938357035466,0.8096018536787043,3.5720053893761,0.7129587334138066,0.5910002835058925,0.7435831353476237,4.563546504753575,0.5992884629264155
2,lhs,Latin hypercube,3287,73.4,1983-01-01,1988-04-18,1988-04-19,1990-12-31,42,0.3063799370171769,3000,0.5047165830037557,False,0.6936200629828231,0.8335178591068969,3.7525605967818065,0.6448249354535271,0.5343125897678604,0.7476079761028847,4.869543228840795,0.5635605728267679
2,multistart,Multi-start differential evolution,3287,73.4,1983-01-01,1988-04-18,1988-04-19,1990-12-31,42,0.27760616429645335,2920,0.49860250001074746,True,0.7223938357035466,0.8096018536787043,3.5720053893761,0.7129587334138066,0.5910002835058925,0.7435831353476237,4.563546504753575,0.5992884629264155
3,de,Differential evolution,1460,30.0,2004-09-30,2006-07-17,2006-07-18,2007-09-29,42,0.2811896280345849,1040,0.08736912498716265,True,0.7188103719654151,0.7618978695255549,0.947242287787582,0.778279930666028,0.6727325921874547,0.7814713404972283,1.2202515343504803,0.7704788888282956
3,lhs,Latin hypercube,1460,30.0,2004-09-30,2006-07-17,2006-07-18,2007-09-29,42,0.3535041635051588,3000,0.23975754098501056,False,0.6464958364948412,0.6399427148825194,1.062083583417358,0.5958467942792647,0.5235206189168655,0.5364105563756766,1.4723804424527447,0.5734032983812638
3,multistart,Multi-start differential evolution,1460,30.0,2004-09-30,2006-07-17,2006-07-18,2007-09-29,44,0.2808990216893612,3440,0.28302925103344023,True,0.7191009783106388,0.7730387704770971,0.9467526790824022,0.7733686408902283,0.6681291161357854,0.7753567600595332,1.2288038407445578,0.7657350653668654
