example,method,ps0,rs0,x1,x2,x3,x4
1,de,1,0.5,153.23304033218994,3.4888542480061977,42.85731656430889,1.1025263783893093
1,lhs,1,0.5,107.57516320587558,3.1954117685519794,50.93456152129645,3.7064674921085334
1,multistart,1,0.5,153.23304033218994,3.4888542480061977,42.85731656430889,1.1025263783893093
2,de,1,0.5,1499.8793401224757,4.976140577843825,98.27500898172016,1.4071855399318416
2,lhs,1,0.5,1283.6696514825428,4.080455546086597,66.38524041568662,1.5175514850438279
2,multistart,1,0.5,1499.8793401224757,4.976140577843825,98.27500898172016,1.4071855399318416
3,de,1,0.5,479.909135498424,0.24991959712487688,13.864781455155821,1.2080065992240812
3,lhs,1,0.5,451.9085141085802,0.7926582586402535,14.648127090958049,1.1184455948460625
3,multistart,1,0.5,476.9694486325648,0.2584065752563991,12.401033726316626,1.2072784175573332
