date,qsim_mm
2003-10-01,0.7813378572463989
2003-10-02,2.4382832050323486
2003-10-03,4.321038246154785
2003-10-04,10.028081893920898
2003-10-05,8.333070755004883
2003-10-06,6.49635648727417
2003-10-07,5.638089656829834
2003-10-08,4.7855706214904785
2003-10-09,4.875613212585449
2003-10-10,4.523119926452637
2003-10-11,4.143752098083496
2003-10-12,3.9217262268066406
2003-10-13,3.737957000732422
2003-10-14,3.593069553375244
2003-10-15,3.4686686992645264
2003-10-16,3.3570425510406494
2003-10-17,3.256108045578003
2003-10-18,3.1652414798736572
2003-10-19,4.3266143798828125
2003-10-20,4.0588154792785645
2003-10-21,3.3400704860687256
2003-10-22,6.5036749839782715
2003-10-23,6.01880407333374
2003-10-24,4.01617956161499
2003-10-25,4.2288970947265625
2003-10-26,3.7363717555999756
2003-10-27,3.0716302394866943
2003-10-28,2.9309139251708984
2003-10-29,2.7747392654418945
2003-10-30,2.74112606048584
2003-10-31,3.3580329418182373
2003-11-01,3.848982095718384
2003-11-02,3.7254254817962646
2003-11-03,3.1869192123413086
2003-11-04,3.3967418670654297
2003-11-05,3.180450677871704
2003-11-06,2.709784746170044
2003-11-07,2.461036205291748
2003-11-08,2.6933319568634033
2003-11-09,8.67936897277832
2003-11-10,6.435367584228516
2003-11-11,6.389460563659668
2003-11-12,6.570925712585449
2003-11-13,4.382282733917236
2003-11-14,7.356696128845215
2003-11-15,6.113834857940674
2003-11-16,3.74812912940979
2003-11-17,2.8997647762298584
2003-11-18,2.611679792404175
2003-11-19,3.488124370574951
2003-11-20,3.443483829498291
2003-11-21,2.783067464828491
2003-11-22,2.557584285736084
2003-11-23,2.3809123039245605
2003-11-24,2.2610936164855957
2003-11-25,3.1393020153045654
2003-11-26,4.648744583129883
2003-11-27,3.773045063018799
2003-11-28,4.134292125701904
2003-11-29,9.81847095489502
2003-11-30,6.404407978057861
2003-12-01,3.697462320327759
2003-12-02,3.6933789253234863
2003-12-03,3.1364147663116455
2003-12-04,2.54921555519104
2003-12-05,2.289309501647949
2003-12-06,2.138117790222168
2003-12-07,2.0426111221313477
2003-12-08,1.975602388381958
2003-12-09,1.9664723873138428
2003-12-10,2.075974702835083
2003-12-11,2.0362660884857178
2003-12-12,2.5553619861602783
2003-12-13,2.630204200744629
2003-12-14,2.783320665359497
2003-12-15,2.545597553253174
2003-12-16,2.43989634513855
2003-12-17,2.258948802947998
2003-12-18,2.0077924728393555
2003-12-19,1.874655842781067
2003-12-20,6.351775646209717
2003-12-21,7.013240814208984
2003-12-22,4.356969833374023
2003-12-23,4.152263164520264
2003-12-24,3.7057437896728516
2003-12-25,3.6008143424987793
2003-12-26,3.1270368099212646
2003-12-27,3.0797386169433594
2003-12-28,5.102502822875977
2003-12-29,4.127608776092529
2003-12-30,2.76365065574646
2003-12-31,2.2867512702941895
2004-01-01,4.897520065307617
2004-01-02,4.334809303283691
2004-01-03,2.8592915534973145
2004-01-04,2.439622402191162
2004-01-05,2.215536117553711
2004-01-06,2.0290324687957764
2004-01-07,2.5514988899230957
2004-01-08,12.229999542236328
2004-01-09,7.889147758483887
2004-01-10,5.530404090881348
2004-01-11,7.402717590332031
2004-01-12,4.899154186248779
2004-01-13,3.0529112815856934
2004-01-14,2.477558135986328
2004-01-15,2.2061731815338135
2004-01-16,2.29787540435791
2004-01-17,2.395573616027832
2004-01-18,3.675584077835083
2004-01-19,4.8493852615356445
2004-01-20,5.827134132385254
2004-01-21,4.149502277374268
2004-01-22,2.8498284816741943
2004-01-23,2.4881417751312256
2004-01-24,2.2339653968811035
2004-01-25,2.035076379776001
2004-01-26,2.0674009323120117
2004-01-27,2.004546880722046
2004-01-28,1.8758199214935303
2004-01-29,1.8000807762145996
2004-01-30,1.8388724327087402
2004-01-31,1.809694528579712
2004-02-01,2.544044256210327
2004-02-02,2.720639705657959
2004-02-03,3.43371319770813
2004-02-04,3.1856119632720947
2004-02-05,2.8917226791381836
2004-02-06,3.966317892074585
2004-02-07,3.34377121925354
2004-02-08,2.724872589111328
2004-02-09,2.388300657272339
2004-02-10,2.6144537925720215
2004-02-11,2.426007032394409
2004-02-12,2.032388210296631
2004-02-13,2.0280823707580566
2004-02-14,1.928118348121643
2004-02-15,1.7572875022888184
2004-02-16,1.6595498323440552
2004-02-17,1.5909308195114136
2004-02-18,1.5380773544311523
2004-02-19,1.4956334829330444
2004-02-20,1.4602642059326172
2004-02-21,1.428998589515686
2004-02-22,1.4008480310440063
2004-02-23,1.3763741254806519
2004-02-24,1.3590950965881348
2004-02-25,1.3389341831207275
2004-02-26,1.3151088953018188
2004-02-27,1.2915654182434082
2004-02-28,1.2676045894622803
2004-02-29,1.2434980869293213
2004-03-01,1.2199318408966064
2004-03-02,1.1971642971038818
2004-03-03,1.1750925779342651
2004-03-04,1.153550148010254
2004-03-05,1.1324201822280884
2004-03-06,1.502389669418335
2004-03-07,1.8691072463989258
2004-03-08,1.6995015144348145
2004-03-09,1.4615741968154907
2004-03-10,1.3300098180770874
2004-03-11,1.5058070421218872
2004-03-12,1.6479320526123047
2004-03-13,1.4963908195495605
2004-03-14,2.565877676010132
2004-03-15,2.5687994956970215
2004-03-16,2.100820541381836
2004-03-17,1.9441872835159302
2004-03-18,1.7721425294876099
2004-03-19,2.1310861110687256
2004-03-20,2.739945411682129
2004-03-21,2.333437204360962
2004-03-22,1.9852294921875
2004-03-23,1.8280264139175415
2004-03-24,1.589388370513916
2004-03-25,1.4086670875549316
2004-03-26,1.3547556400299072
2004-03-27,1.2903416156768799
2004-03-28,1.2049870491027832
2004-03-29,1.1442697048187256
2004-03-30,1.0943551063537598
2004-03-31,1.0516568422317505
2004-04-01,1.389915943145752
2004-04-02,3.775280475616455
2004-04-03,4.895613670349121
2004-04-04,3.198852300643921
2004-04-05,2.129136085510254
2004-04-06,1.6984361410140991
2004-04-07,1.4643710851669312
2004-04-08,1.3189727067947388
2004-04-09,1.2169893980026245
2004-04-10,1.1400172710418701
2004-04-11,1.4387202262878418
2004-04-12,1.7111815214157104
2004-04-13,1.535334587097168
2004-04-14,1.3169729709625244
2004-04-15,1.3043791055679321
2004-04-16,1.2431813478469849
2004-04-17,1.1657832860946655
2004-04-18,1.967503547668457
2004-04-19,3.0643372535705566
2004-04-20,2.509791135787964
2004-04-21,2.1084353923797607
2004-04-22,1.7981511354446411
2004-04-23,1.5373806953430176
2004-04-24,1.3640975952148438
2004-04-25,1.2055885791778564
2004-04-26,1.2646069526672363
2004-04-27,2.0899136066436768
2004-04-28,2.281965732574463
2004-04-29,2.8019821643829346
2004-04-30,2.8294427394866943
2004-05-01,2.1079349517822266
2004-05-02,1.6270086765289307
2004-05-03,1.3746482133865356
2004-05-04,3.078476667404175
2004-05-05,3.31455659866333
2004-05-06,2.5182883739471436
2004-05-07,1.9714267253875732
2004-05-08,1.5595533847808838
2004-05-09,1.3403794765472412
2004-05-10,1.1967700719833374
2004-05-11,1.0921392440795898
2004-05-12,1.0118600130081177
2004-05-13,0.9496666789054871
2004-05-14,0.8995674848556519
2004-05-15,0.8563080430030823
2004-05-16,0.8180363178253174
2004-05-17,0.7831323146820068
2004-05-18,0.7509519457817078
2004-05-19,0.7220055460929871
2004-05-20,1.24595308303833
2004-05-21,1.420149564743042
2004-05-22,1.127241849899292
2004-05-23,0.9922384023666382
2004-05-24,0.8960152864456177
2004-05-25,0.8224973082542419
2004-05-26,0.7641167640686035
2004-05-27,0.7164623141288757
2004-05-28,0.6764472723007202
2004-05-29,0.718429684638977
2004-05-30,0.7219293117523193
2004-05-31,0.6621787548065186
2004-06-01,0.852394163608551
2004-06-02,0.9158710837364197
2004-06-03,0.8359484076499939
2004-06-04,0.7910826802253723
2004-06-05,0.7180747985839844
2004-06-06,0.6675129532814026
2004-06-07,0.6256420016288757
2004-06-08,0.5902580618858337
2004-06-09,0.560169517993927
2004-06-10,0.5666211843490601
2004-06-11,0.5595052242279053
2004-06-12,0.5244429111480713
2004-06-13,0.5008533000946045
2004-06-14,0.47959035634994507
2004-06-15,0.46014994382858276
2004-06-16,0.46657702326774597
2004-06-17,0.4969392418861389
2004-06-18,0.5082677602767944
2004-06-19,0.48746931552886963
2004-06-20,0.46146368980407715
2004-06-21,0.7998024821281433
2004-06-22,0.9568681716918945
2004-06-23,1.5955103635787964
2004-06-24,2.1081185340881348
2004-06-25,1.6326017379760742
2004-06-26,1.238351583480835
2004-06-27,1.1061584949493408
2004-06-28,0.9853759407997131
2004-06-29,0.8499006032943726
2004-06-30,0.8384249210357666
2004-07-01,0.7978671193122864
2004-07-02,0.7091798782348633
2004-07-03,0.6533877849578857
2004-07-04,0.6337277889251709
2004-07-05,0.7173952460289001
2004-07-06,0.8429696559906006
2004-07-07,0.808813214302063
2004-07-08,0.7100552320480347
2004-07-09,0.6540109515190125
2004-07-10,0.7126426100730896
2004-07-11,0.7192041873931885
2004-07-12,0.6401954889297485
2004-07-13,0.5960037708282471
2004-07-14,0.559802234172821
2004-07-15,0.5292603969573975
2004-07-16,0.5033953785896301
2004-07-17,0.48148342967033386
2004-07-18,0.4623883068561554
2004-07-19,0.44541218876838684
2004-07-20,0.43038272857666016
2004-07-21,0.42511650919914246
2004-07-22,0.4174326956272125
2004-07-23,0.4027128517627716
2004-07-24,0.39200514554977417
2004-07-25,0.3823379576206207
2004-07-26,0.37313297390937805
2004-07-27,0.36462849378585815
2004-07-28,0.3568163514137268
2004-07-29,0.3590039908885956
2004-07-30,0.35756897926330566
2004-07-31,1.38935387134552
2004-08-01,1.8654853105545044
2004-08-02,1.2718485593795776
2004-08-03,1.037468671798706
2004-08-04,4.220762729644775
2004-08-05,4.03674840927124
2004-08-06,3.1324007511138916
2004-08-07,2.389514923095703
2004-08-08,1.6280289888381958
2004-08-09,1.4938902854919434
2004-08-10,1.6240509748458862
2004-08-11,1.5075269937515259
2004-08-12,1.369077205657959
2004-08-13,1.2045314311981201
2004-08-14,1.0224424600601196
2004-08-15,0.908623993396759
2004-08-16,0.8256433010101318
2004-08-17,0.7615059018135071
2004-08-18,0.7107815146446228
2004-08-19,0.6701222658157349
2004-08-20,0.636719286441803
2004-08-21,0.6088163256645203
2004-08-22,0.7595900297164917
2004-08-23,0.8998730778694153
2004-08-24,0.8317275643348694
2004-08-25,0.7491991519927979
2004-08-26,0.6987106800079346
2004-08-27,0.6583820581436157
2004-08-28,0.624947190284729
2004-08-29,0.5967897176742554
2004-08-30,0.5730127692222595
2004-08-31,0.5523722171783447
2004-09-01,0.5342786312103271
2004-09-02,0.518399178981781
2004-09-03,0.5039353966712952
2004-09-04,0.4908134937286377
2004-09-05,0.4792563021183014
2004-09-06,0.4690525233745575
2004-09-07,0.4597594738006592
2004-09-08,0.45091918110847473
2004-09-09,0.44265982508659363
2004-09-10,0.43502795696258545
2004-09-11,0.4277068078517914
2004-09-12,0.4207438826560974
2004-09-13,0.41432079672813416
2004-09-14,0.5550490021705627
2004-09-15,0.6282135844230652
2004-09-16,0.5529208183288574
2004-09-17,0.5276176333427429
2004-09-18,0.5104542374610901
2004-09-19,0.4945235550403595
2004-09-20,0.4775540232658386
2004-09-21,0.46338945627212524
2004-09-22,0.4505731761455536
2004-09-23,0.4389188289642334
2004-09-24,0.9560806751251221
2004-09-25,1.2018342018127441
2004-09-26,0.9260162711143494
2004-09-27,0.8170654773712158
2004-09-28,0.7393918037414551
2004-09-29,0.6800025701522827
2004-09-30,0.6331565380096436
2004-10-01,0.6628467440605164
2004-10-02,0.6608262658119202
2004-10-03,0.603392481803894
2004-10-04,0.5701993703842163
2004-10-05,0.542646050453186
2004-10-06,0.5191718935966492
2004-10-07,0.4989635646343231
2004-10-08,0.4814354479312897
2004-10-09,0.46609532833099365
2004-10-10,0.4526633620262146
2004-10-11,0.4518258571624756
2004-10-12,0.4471432566642761
2004-10-13,0.7219946980476379
2004-10-14,2.07578706741333
2004-10-15,6.214865684509277
2004-10-16,6.9111647605896
2004-10-17,4.653478145599365
2004-10-18,2.7820067405700684
2004-10-19,3.1308248043060303
2004-10-20,2.7748348712921143
2004-10-21,4.7724761962890625
2004-10-22,3.8324921131134033
2004-10-23,2.242581367492676
2004-10-24,3.2972412109375
2004-10-25,3.4905102252960205
2004-10-26,2.451637029647827
2004-10-27,1.845575213432312
2004-10-28,4.662984371185303
2004-10-29,8.331903457641602
2004-10-30,5.86296272277832
2004-10-31,3.2583866119384766
2004-11-01,2.20186710357666
2004-11-02,1.8624519109725952
2004-11-03,1.6362491846084595
2004-11-04,1.5886975526809692
2004-11-05,1.4985601902008057
2004-11-06,2.071251392364502
2004-11-07,2.1515653133392334
2004-11-08,1.7355235815048218
2004-11-09,1.5095192193984985
2004-11-10,1.554146647453308
2004-11-11,1.496964931488037
2004-11-12,1.5735210180282593
2004-11-13,1.5313150882720947
2004-11-14,1.3634538650512695
2004-11-15,1.2703838348388672
2004-11-16,1.3170462846755981
2004-11-17,1.6751426458358765
2004-11-18,1.7759675979614258
2004-11-19,1.5550435781478882
2004-11-20,1.382142186164856
2004-11-21,2.089693784713745
2004-11-22,2.384143352508545
2004-11-23,2.133549213409424
2004-11-24,1.813948154449463
2004-11-25,1.5373774766921997
2004-11-26,1.382939338684082
2004-11-27,1.2888644933700562
2004-11-28,1.2615504264831543
2004-11-29,1.7966793775558472
2004-11-30,1.9965013265609741
2004-12-01,1.701749563217163
2004-12-02,1.481078863143921
2004-12-03,2.013361930847168
2004-12-04,2.3446857929229736
2004-12-05,1.9556835889816284
2004-12-06,1.6128888130187988
2004-12-07,1.4291737079620361
2004-12-08,1.3228230476379395
2004-12-09,1.2453503608703613
2004-12-10,1.1833322048187256
2004-12-11,1.1385422945022583
2004-12-12,1.1041927337646484
2004-12-13,1.076895833015442
2004-12-14,1.07965087890625
2004-12-15,1.2300879955291748
2004-12-16,1.3137140274047852
2004-12-17,1.3332533836364746
2004-12-18,1.3295915126800537
2004-12-19,1.247296690940857
2004-12-20,1.1669007539749146
2004-12-21,2.8268661499023438
2004-12-22,3.622636556625366
2004-12-23,2.8972508907318115
2004-12-24,2.219200372695923
2004-12-25,1.75923752784729
2004-12-26,1.51408052444458
2004-12-27,3.7699849605560303
2004-12-28,3.6890511512756348
2004-12-29,2.481184244155884
2004-12-30,1.9659249782562256
2004-12-31,1.6443300247192383
2005-01-01,3.1852896213531494
2005-01-02,3.086604118347168
2005-01-03,2.1185295581817627
2005-01-04,1.8058394193649292
2005-01-05,3.1951098442077637
2005-01-06,3.144378423690796
2005-01-07,3.4844322204589844
2005-01-08,6.760354518890381
2005-01-09,5.484300136566162
2005-01-10,3.508622407913208
2005-01-11,4.174152851104736
2005-01-12,4.165490627288818
2005-01-13,3.0653464794158936
2005-01-14,2.3180744647979736
2005-01-15,2.071754217147827
2005-01-16,1.8933027982711792
2005-01-17,1.8776227235794067
2005-01-18,1.8229305744171143
2005-01-19,1.7641897201538086
2005-01-20,2.0801641941070557
2005-01-21,2.161750316619873
2005-01-22,1.886753797531128
2005-01-23,1.6674140691757202
2005-01-24,1.5537903308868408
2005-01-25,1.8882704973220825
2005-01-26,1.8894859552383423
2005-01-27,1.6404552459716797
2005-01-28,1.5151288509368896
2005-01-29,1.4318633079528809
2005-01-30,1.3727489709854126
2005-01-31,1.4758784770965576
2005-02-01,1.4756027460098267
2005-02-02,1.3789342641830444
2005-02-03,1.3234158754348755
2005-02-04,1.2815518379211426
2005-02-05,1.573246955871582
2005-02-06,1.6947574615478516
2005-02-07,1.7192778587341309
2005-02-08,1.7278276681900024
2005-02-09,2.4185454845428467
2005-02-10,2.4724950790405273
2005-02-11,1.9562230110168457
2005-02-12,2.930922269821167
2005-02-13,4.523838043212891
2005-02-14,3.405421257019043
2005-02-15,2.291414976119995
2005-02-16,1.892138123512268
2005-02-17,1.6659603118896484
2005-02-18,1.6425634622573853
2005-02-19,1.5663859844207764
2005-02-20,1.441240906715393
2005-02-21,1.4590818881988525
2005-02-22,1.6306406259536743
2005-02-23,1.584623098373413
2005-02-24,1.607347846031189
2005-02-25,1.9488722085952759
2005-02-26,2.062716007232666
2005-02-27,1.8037605285644531
2005-02-28,1.56663179397583
2005-03-01,2.0027501583099365
2005-03-02,2.226452350616455
2005-03-03,2.5116703510284424
2005-03-04,2.468215227127075
2005-03-05,2.9420037269592285
2005-03-06,2.5755467414855957
2005-03-07,1.942978858947754
2005-03-08,1.6583291292190552
2005-03-09,1.8598839044570923
2005-03-10,1.800744652748108
2005-03-11,1.7280800342559814
2005-03-12,1.6204696893692017
2005-03-13,1.4429633617401123
2005-03-14,1.338238000869751
2005-03-15,1.714983582496643
2005-03-16,1.7497397661209106
2005-03-17,1.5081442594528198
2005-03-18,1.3808655738830566
2005-03-19,1.2819830179214478
2005-03-20,1.2115752696990967
2005-03-21,1.1578688621520996
2005-03-22,1.851659893989563
2005-03-23,1.9695909023284912
2005-03-24,1.5689889192581177
2005-03-25,1.3837876319885254
2005-03-26,1.28549325466156
2005-03-27,1.8936550617218018
2005-03-28,1.9769787788391113
2005-03-29,2.2603960037231445
2005-03-30,2.1053695678710938
2005-03-31,1.6511718034744263
2005-04-01,1.4309556484222412
2005-04-02,1.2906328439712524
2005-04-03,1.1926167011260986
2005-04-04,1.189974069595337
2005-04-05,1.1554152965545654
2005-04-06,1.584763526916504
2005-04-07,3.7157421112060547
2005-04-08,3.31365966796875
2005-04-09,2.7265024185180664
2005-04-10,2.2453548908233643
2005-04-11,1.7270333766937256
2005-04-12,1.4722765684127808
2005-04-13,1.3160797357559204
2005-04-14,1.5296050310134888
2005-04-15,1.665334701538086
2005-04-16,1.8315438032150269
2005-04-17,1.7029643058776855
2005-04-18,5.757390022277832
2005-04-19,4.905109882354736
2005-04-20,2.630810022354126
2005-04-21,1.9464234113693237
2005-04-22,1.6132307052612305
2005-04-23,1.4170300960540771
2005-04-24,1.2887426614761353
2005-04-25,1.1985595226287842
2005-04-26,1.1318730115890503
2005-04-27,2.3658533096313477
2005-04-28,4.798400402069092
2005-04-29,3.6100881099700928
2005-04-30,2.2587366104125977
2005-05-01,2.100059986114502
2005-05-02,1.8499479293823242
2005-05-03,2.0650887489318848
2005-05-04,1.9376137256622314
2005-05-05,1.5593897104263306
2005-05-06,1.3686679601669312
2005-05-07,1.2446452379226685
2005-05-08,1.7015055418014526
2005-05-09,1.9998809099197388
2005-05-10,1.7040300369262695
2005-05-11,1.4323854446411133
2005-05-12,1.2786715030670166
2005-05-13,1.1727362871170044
2005-05-14,1.0943808555603027
2005-05-15,1.03268301486969
2005-05-16,0.9839423298835754
2005-05-17,0.9461981058120728
2005-05-18,0.9278242588043213
2005-05-19,0.9909495711326599
2005-05-20,1.316664457321167
2005-05-21,1.3507826328277588
2005-05-22,1.1810357570648193
2005-05-23,1.5509251356124878
2005-05-24,1.6726150512695312
2005-05-25,1.4083482027053833
2005-05-26,1.225695013999939
2005-05-27,1.7668321132659912
2005-05-28,2.543060779571533
2005-05-29,2.5160722732543945
2005-05-30,1.9648445844650269
2005-05-31,1.546559453010559
2005-06-01,1.6798745393753052
2005-06-02,1.7301236391067505
2005-06-03,1.4764585494995117
2005-06-04,1.4501985311508179
2005-06-05,1.3617966175079346
2005-06-06,1.1894046068191528
2005-06-07,1.08547842502594
2005-06-08,1.0064234733581543
2005-06-09,0.942152738571167
2005-06-10,0.889434814453125
2005-06-11,0.8452820777893066
2005-06-12,0.8092296719551086
2005-06-13,1.2857147455215454
2005-06-14,1.5707231760025024
2005-06-15,1.3258010149002075
2005-06-16,1.1367522478103638
2005-06-17,1.0191805362701416
2005-06-18,0.9302978515625
2005-06-19,1.1485323905944824
2005-06-20,1.184469223022461
2005-06-21,1.0045464038848877
2005-06-22,0.9085299968719482
2005-06-23,0.8350434899330139
2005-06-24,0.7768431305885315
2005-06-25,0.7293806076049805
2005-06-26,0.6891196370124817
2005-06-27,0.6537566781044006
2005-06-28,0.6222822070121765
2005-06-29,0.5954391956329346
2005-06-30,0.5720238089561462
2005-07-01,0.5503639578819275
2005-07-02,0.5307343602180481
2005-07-03,0.5135628581047058
2005-07-04,0.49830150604248047
2005-07-05,0.4837057292461395
2005-07-06,0.743007481098175
2005-07-07,0.8633955121040344
2005-07-08,0.7192209362983704
2005-07-09,0.6599936485290527
2005-07-10,0.6126180291175842
2005-07-11,0.572544276714325
2005-07-12,0.5381779670715332
2005-07-13,0.5084249377250671
2005-07-14,0.4826905131340027
2005-07-15,0.4601207375526428
2005-07-16,0.43993815779685974
2005-07-17,0.4216068387031555
2005-07-18,0.4051012396812439
2005-07-19,0.3904666304588318
2005-07-20,0.37700653076171875
2005-07-21,0.36437153816223145
2005-07-22,0.35257768630981445
2005-07-23,0.3415864408016205
2005-07-24,0.33132585883140564
2005-07-25,0.3217463791370392
2005-07-26,0.31278908252716064
2005-07-27,0.3043616712093353
2005-07-28,0.2965288758277893
2005-07-29,0.40812912583351135
2005-07-30,0.4718056321144104
2005-07-31,0.4030550718307495
2005-08-01,0.3831062912940979
2005-08-02,0.3662390112876892
2005-08-03,0.3511124849319458
2005-08-04,0.3374216556549072
2005-08-05,0.32508477568626404
2005-08-06,0.3140874207019806
2005-08-07,0.3040258586406708
2005-08-08,0.2946152687072754
2005-08-09,0.2890402376651764
2005-08-10,0.2829183042049408
2005-08-11,0.27378836274147034
2005-08-12,0.2664583623409271
2005-08-13,0.3915088176727295
2005-08-14,0.4655973017215729
2005-08-15,0.3957700729370117
2005-08-16,0.37909215688705444
2005-08-17,0.35842323303222656
2005-08-18,0.3424891233444214
2005-08-19,0.7781835794448853
2005-08-20,1.006386160850525
2005-08-21,0.8422114849090576
2005-08-22,0.7774713635444641
2005-08-23,0.6705503463745117
2005-08-24,0.872146725654602
2005-08-25,0.9217493534088135
2005-08-26,0.7469245195388794
2005-08-27,0.66172856092453
2005-08-28,0.6627851128578186
2005-08-29,0.6384547352790833
2005-08-30,0.5661683678627014
2005-08-31,0.5211300253868103
2005-09-01,0.48433393239974976
2005-09-02,0.45351967215538025
2005-09-03,0.4273216426372528
2005-09-04,0.40463268756866455
2005-09-05,0.3847273290157318
2005-09-06,0.3671424090862274
2005-09-07,0.35158300399780273
2005-09-08,0.3378639221191406
2005-09-09,0.3256148397922516
2005-09-10,0.3145093321800232
2005-09-11,0.30436936020851135
2005-09-12,0.2950245141983032
2005-09-13,0.28651532530784607
2005-09-14,0.27871641516685486
2005-09-15,0.2714857757091522
2005-09-16,0.2681029736995697
2005-09-17,0.263954758644104
2005-09-18,0.25641557574272156
2005-09-19,0.2506939768791199
2005-09-20,0.24533620476722717
2005-09-21,0.24033282697200775
2005-09-22,0.23564186692237854
2005-09-23,0.2658301889896393
2005-09-24,0.28341400623321533
2005-09-25,0.25952279567718506
2005-09-26,0.4462922215461731
2005-09-27,0.5824206471443176
2005-09-28,0.5311254262924194
2005-09-29,0.5721672177314758
2005-09-30,0.549945056438446
2005-10-01,0.4923003017902374
2005-10-02,0.4588477313518524
2005-10-03,0.4309295415878296
2005-10-04,0.4070896506309509
2005-10-05,0.386483758687973
2005-10-06,0.36846837401390076
2005-10-07,0.3525815010070801
2005-10-08,0.504578709602356
2005-10-09,0.6631842255592346
2005-10-10,0.7675047516822815
2005-10-11,6.383158206939697
2005-10-12,9.026318550109863
2005-10-13,4.277589797973633
2005-10-14,2.272542715072632
2005-10-15,1.6151047945022583
2005-10-16,1.2833383083343506
2005-10-17,1.0837491750717163
2005-10-18,0.951331615447998
2005-10-19,0.8576721549034119
2005-10-20,0.7882203459739685
2005-10-21,0.7348613142967224
2005-10-22,0.7289633750915527
2005-10-23,0.7611374855041504
2005-10-24,2.1865556240081787
2005-10-25,2.9990737438201904
2005-10-26,2.6132545471191406
2005-10-27,2.0010123252868652
2005-10-28,3.051273822784424
2005-10-29,4.545517921447754
2005-10-30,6.2410478591918945
2005-10-31,4.051177024841309
2005-11-01,2.316892147064209
2005-11-02,2.3564181327819824
2005-11-03,2.527292251586914
2005-11-04,2.2424118518829346
2005-11-05,1.7886106967926025
2005-11-06,1.5358079671859741
2005-11-07,2.8622920513153076
2005-11-08,2.924553155899048
2005-11-09,2.05861496925354
2005-11-10,1.7507144212722778
2005-11-11,12.334651947021484
2005-11-12,9.401729583740234
2005-11-13,3.8503775596618652
2005-11-14,2.4473719596862793
2005-11-15,1.9932433366775513
2005-11-16,1.8050779104232788
2005-11-17,1.7731735706329346
2005-11-18,1.6440024375915527
2005-11-19,1.5034058094024658
2005-11-20,1.4129441976547241
2005-11-21,1.3508085012435913
2005-11-22,1.3154571056365967
2005-11-23,1.2846810817718506
2005-11-24,1.5524868965148926
2005-11-25,7.526524066925049
2005-11-26,14.516940116882324
2005-11-27,8.49361515045166
2005-11-28,4.05803108215332
2005-11-29,2.874035596847534
2005-11-30,2.757577419281006
2005-12-01,3.4603240489959717
2005-12-02,8.048013687133789
2005-12-03,11.108457565307617
2005-12-04,8.79924201965332
2005-12-05,7.357609748840332
2005-12-06,5.038268089294434
2005-12-07,3.2667582035064697
2005-12-08,2.5488598346710205
2005-12-09,2.277050018310547
2005-12-10,2.089176893234253
2005-12-11,2.081178665161133
2005-12-12,2.007239818572998
2005-12-13,1.8835548162460327
2005-12-14,1.8094210624694824
2005-12-15,2.2398011684417725
2005-12-16,2.394037961959839
2005-12-17,2.119173765182495
2005-12-18,1.9832566976547241
2005-12-19,1.8740144968032837
2005-12-20,1.763649344444275
2005-12-21,1.8169504404067993
2005-12-22,1.8696197271347046
2005-12-23,1.7822495698928833
2005-12-24,1.6825523376464844
2005-12-25,1.6204787492752075
2005-12-26,1.7306602001190186
2005-12-27,1.722517967224121
2005-12-28,1.6192636489868164
2005-12-29,1.5606920719146729
2005-12-30,1.8805232048034668
2005-12-31,2.387113571166992
2006-01-01,2.2593352794647217
2006-01-02,1.936065912246704
2006-01-03,1.766409993171692
2006-01-04,1.6721409559249878
2006-01-05,1.697757363319397
2006-01-06,1.7936652898788452
2006-01-07,1.7591073513031006
2006-01-08,1.6310065984725952
2006-01-09,1.8452719449996948
2006-01-10,2.9815833568573
2006-01-11,3.4663567543029785
2006-01-12,5.735579967498779
2006-01-13,16.725345611572266
2006-01-14,8.625338554382324
2006-01-15,5.138064384460449
2006-01-16,4.460165023803711
2006-01-17,3.3654258251190186
2006-01-18,2.6315133571624756
2006-01-19,2.24127197265625
2006-01-20,2.7234044075012207
2006-01-21,2.6003026962280273
2006-01-22,2.154857873916626
2006-01-23,1.9458096027374268
2006-01-24,1.8211474418640137
2006-01-25,1.7390005588531494
2006-01-26,1.6809217929840088
2006-01-27,1.6411317586898804
2006-01-28,1.7537012100219727
2006-01-29,1.7475085258483887
2006-01-30,1.6494946479797363
2006-01-31,1.5911730527877808
2006-02-01,1.5466837882995605
2006-02-02,1.5106323957443237
2006-02-03,1.480322241783142
2006-02-04,1.4537721872329712
2006-02-05,1.4300103187561035
2006-02-06,1.408901333808899
2006-02-07,1.6734081506729126
2006-02-08,1.9608519077301025
2006-02-09,1.9279335737228394
2006-02-10,1.7384071350097656
2006-02-11,1.5873868465423584
2006-02-12,1.4955142736434937
2006-02-13,1.4309011697769165
2006-02-14,2.2357988357543945
2006-02-15,3.127639055252075
2006-02-16,3.151191234588623
2006-02-17,2.5972704887390137
2006-02-18,2.4524803161621094
2006-02-19,4.218414306640625
2006-02-20,4.167885780334473
2006-02-21,3.889143705368042
2006-02-22,3.0039074420928955
2006-02-23,2.4016706943511963
2006-02-24,2.4009206295013428
2006-02-25,2.1461215019226074
2006-02-26,1.832157015800476
2006-02-27,1.895512342453003
2006-02-28,1.8162221908569336
2006-03-01,1.6344854831695557
2006-03-02,1.5318340063095093
2006-03-03,1.500367522239685
2006-03-04,1.455752968788147
2006-03-05,1.6348766088485718
2006-03-06,1.6421691179275513
2006-03-07,3.29781174659729
2006-03-08,5.464108467102051
2006-03-09,4.826942443847656
2006-03-10,3.779489755630493
2006-03-11,2.7837538719177246
2006-03-12,2.1369948387145996
2006-03-13,4.039577007293701
2006-03-14,4.65651273727417
2006-03-15,3.1550333499908447
2006-03-16,2.3274505138397217
2006-03-17,1.9582804441452026
2006-03-18,1.7296119928359985
2006-03-19,1.589571475982666
2006-03-20,1.4966850280761719
2006-03-21,1.4297447204589844
2006-03-22,1.377167820930481
2006-03-23,1.8193143606185913
2006-03-24,2.4243690967559814
2006-03-25,2.4608683586120605
2006-03-26,2.479458808898926
2006-03-27,2.9263815879821777
2006-03-28,2.7459447383880615
2006-03-29,2.1644372940063477
2006-03-30,2.703627109527588
2006-03-31,3.659712076187134
2006-04-01,2.9328298568725586
2006-04-02,2.137984275817871
2006-04-03,2.0823423862457275
2006-04-04,1.9118891954421997
2006-04-05,1.6538643836975098
2006-04-06,1.5113428831100464
2006-04-07,1.5289332866668701
2006-04-08,2.779331684112549
2006-04-09,2.870663642883301
2006-04-10,2.1836719512939453
2006-04-11,1.8228334188461304
2006-04-12,1.5959841012954712
2006-04-13,1.4665013551712036
2006-04-14,1.3729743957519531
2006-04-15,1.2972286939620972
2006-04-16,1.2393147945404053
2006-04-17,1.1917308568954468
2006-04-18,1.151285171508789
2006-04-19,1.1166133880615234
2006-04-20,1.085548996925354
2006-04-21,1.0552409887313843
2006-04-22,1.025659203529358
2006-04-23,0.9970622062683105
2006-04-24,0.9718970656394958
2006-04-25,0.9490152597427368
2006-04-26,0.9267767071723938
2006-04-27,0.9057947397232056
2006-04-28,0.8854595422744751
2006-04-29,0.8655810952186584
2006-04-30,0.8468823432922363
2006-05-01,0.8303582668304443
2006-05-02,2.0338692665100098
2006-05-03,2.3155295848846436
2006-05-04,1.6526579856872559
2006-05-05,1.3751394748687744
2006-05-06,1.321591854095459
2006-05-07,1.2332054376602173
2006-05-08,1.0974313020706177
2006-05-09,1.0104676485061646
2006-05-10,0.9437227249145508
2006-05-11,0.8901578187942505
2006-05-12,0.9605029821395874
2006-05-13,1.0991774797439575
2006-05-14,1.060311198234558
2006-05-15,1.6267749071121216
2006-05-16,1.724133014678955
2006-05-17,1.697804570198059
2006-05-18,1.742612361907959
2006-05-19,1.4952423572540283
2006-05-20,1.6123799085617065
2006-05-21,1.9000675678253174
2006-05-22,1.6696534156799316
2006-05-23,1.3478977680206299
2006-05-24,1.1760172843933105
2006-05-25,1.059997320175171
2006-05-26,1.733525276184082
2006-05-27,1.8412222862243652
2006-05-28,1.4114723205566406
2006-05-29,1.3803292512893677
2006-05-30,1.2846572399139404
2006-05-31,1.1140105724334717
2006-06-01,1.0096901655197144
2006-06-02,0.9305181503295898
2006-06-03,0.8679684996604919
2006-06-04,0.8175705075263977
2006-06-05,0.7750551700592041
2006-06-06,0.7375691533088684
2006-06-07,0.7041283249855042
2006-06-08,0.6739621162414551
2006-06-09,0.6462697386741638
2006-06-10,0.6207934021949768
2006-06-11,0.5971339344978333
2006-06-12,0.6890003681182861
2006-06-13,0.7214938998222351
2006-06-14,0.6521086096763611
2006-06-15,0.6170965433120728
2006-06-16,0.5868465900421143
2006-06-17,0.5608986616134644
2006-06-18,0.5390594601631165
2006-06-19,0.8184400796890259
2006-06-20,1.1366826295852661
2006-06-21,1.0375311374664307
2006-06-22,1.000685453414917
2006-06-23,0.948034405708313
2006-06-24,1.020167350769043
2006-06-25,1.00596284866333
2006-06-26,0.8548969626426697
2006-06-27,0.7700309753417969
2006-06-28,0.7050470113754272
2006-06-29,0.6526616215705872
2006-06-30,0.6170951724052429
2006-07-01,0.5849115252494812
2006-07-02,0.7587667107582092
2006-07-03,0.823062539100647
2006-07-04,0.7006469368934631
2006-07-05,0.6429641246795654
2006-07-06,0.5964729189872742
2006-07-07,0.5575036406517029
2006-07-08,0.5247330665588379
2006-07-09,0.6774467825889587
2006-07-10,0.738196849822998
2006-07-11,0.6310255527496338
2006-07-12,0.5824985504150391
2006-07-13,0.5431907773017883
2006-07-14,0.5100651979446411
2006-07-15,0.48158949613571167
2006-07-16,0.45664411783218384
2006-07-17,0.4343931972980499
2006-07-18,0.4143659174442291
2006-07-19,0.39628028869628906
2006-07-20,0.3798366189002991
2006-07-21,0.36495649814605713
2006-07-22,0.351320743560791
2006-07-23,0.3386426866054535
2006-07-24,0.3268965482711792
2006-07-25,0.31593993306159973
2006-07-26,0.3059521019458771
2006-07-27,0.5036685466766357
2006-07-28,0.6155223846435547
2006-07-29,0.5003491640090942
2006-07-30,0.46462973952293396
2006-07-31,0.600055456161499
2006-08-01,0.6555220484733582
2006-08-02,0.5532721281051636
2006-08-03,0.5088934898376465
2006-08-04,0.4727749824523926
2006-08-05,0.4421262741088867
2006-08-06,0.41575130820274353
2006-08-07,0.39287927746772766
2006-08-08,0.3729791045188904
2006-08-09,0.3554365336894989
2006-08-10,0.36040428280830383
2006-08-11,0.3579236567020416
2006-08-12,0.3347591161727905
2006-08-13,0.3210483491420746
2006-08-14,0.3087655007839203
2006-08-15,0.2975781559944153
2006-08-16,0.2874058783054352
2006-08-17,0.29818904399871826
2006-08-18,1.1320817470550537
2006-08-19,3.0701658725738525
2006-08-20,2.5689847469329834
2006-08-21,1.6207032203674316
2006-08-22,1.2286585569381714
2006-08-23,1.0003503561019897
2006-08-24,0.8500235676765442
2006-08-25,0.7435614466667175
2006-08-26,0.6642204523086548
2006-08-27,0.602931022644043
2006-08-28,0.5541550517082214
2006-08-29,0.5142647624015808
2006-08-30,0.4809834957122803
2006-08-31,0.4529351592063904
2006-09-01,0.9203245043754578
2006-09-02,1.1287602186203003
2006-09-03,0.8588858246803284
2006-09-04,0.7483904957771301
2006-09-05,1.3314710855484009
2006-09-06,1.4755440950393677
2006-09-07,1.0869922637939453
2006-09-08,0.9106391668319702
2006-09-09,0.7909825444221497
2006-09-10,0.7034978270530701
2006-09-11,0.636540949344635
2006-09-12,0.583607017993927
2006-09-13,0.5406772494316101
2006-09-14,2.4656968116760254
2006-09-15,2.904818296432495
2006-09-16,1.7452508211135864
2006-09-17,1.3127604722976685
2006-09-18,1.4375702142715454
2006-09-19,1.348048448562622
2006-09-20,1.3119922876358032
2006-09-21,1.2102006673812866
2006-09-22,0.9835538268089294
2006-09-23,0.8556432723999023
2006-09-24,1.0727472305297852
2006-09-25,1.1026846170425415
2006-09-26,0.9005983471870422
2006-09-27,0.9357470273971558
2006-09-28,0.905028760433197
2006-09-29,0.7824828624725342
2006-09-30,0.7110093832015991
2006-10-01,1.9667538404464722
2006-10-02,2.7433626651763916
2006-10-03,1.9548836946487427
2006-10-04,1.4267172813415527
2006-10-05,1.2173194885253906
2006-10-06,1.21079421043396
2006-10-07,1.104454755783081
2006-10-08,0.9949409365653992
2006-10-09,0.9125780463218689
2006-10-10,0.8161727786064148
2006-10-11,2.463677406311035
2006-10-12,2.717931032180786
2006-10-13,1.7387834787368774
2006-10-14,1.3556195497512817
2006-10-15,1.1352951526641846
2006-10-16,0.991672158241272
2006-10-17,0.8946313858032227
2006-10-18,1.321966290473938
2006-10-19,4.29291296005249
2006-10-20,8.123225212097168
2006-10-21,5.461313724517822
2006-10-22,2.9301705360412598
2006-10-23,1.9670222997665405
2006-10-24,2.3994390964508057
2006-10-25,4.01934289932251
2006-10-26,7.0867390632629395
2006-10-27,4.756710052490234
2006-10-28,3.0657401084899902
2006-10-29,2.6421241760253906
2006-10-30,2.574868679046631
2006-10-31,4.177944183349609
2006-11-01,3.8051652908325195
2006-11-02,2.5186755657196045
2006-11-03,1.907112956047058
2006-11-04,1.6125473976135254
2006-11-05,1.43827486038208
2006-11-06,1.3247992992401123
2006-11-07,1.2461997270584106
2006-11-08,1.6626214981079102
2006-11-09,1.722059726715088
2006-11-10,1.7894943952560425
2006-11-11,2.7325682640075684
2006-11-12,2.5002710819244385
2006-11-13,2.076469898223877
2006-11-14,1.8953725099563599
2006-11-15,3.429795742034912
2006-11-16,5.428462982177734
2006-11-17,5.501068592071533
2006-11-18,3.7564399242401123
2006-11-19,4.058558940887451
2006-11-20,3.6021976470947266
2006-11-21,2.831683874130249
2006-11-22,2.2503671646118164
2006-11-23,3.3870465755462646
2006-11-24,3.889702558517456
2006-11-25,3.4167208671569824
2006-11-26,2.6100292205810547
2006-11-27,5.038585662841797
2006-11-28,5.271549701690674
2006-11-29,4.035465717315674
2006-11-30,13.399016380310059
2006-12-01,13.802714347839355
2006-12-02,6.841271877288818
2006-12-03,14.960653305053711
2006-12-04,8.75477123260498
2006-12-05,4.0720319747924805
2006-12-06,3.3645644187927246
2006-12-07,3.8383209705352783
2006-12-08,3.279289484024048
2006-12-09,2.5698723793029785
2006-12-10,3.5879499912261963
2006-12-11,4.5898871421813965
2006-12-12,9.494150161743164
2006-12-13,10.311721801757812
2006-12-14,7.981277942657471
2006-12-15,4.859603404998779
2006-12-16,3.245021343231201
2006-12-17,2.6463823318481445
2006-12-18,2.358651876449585
2006-12-19,2.2851901054382324
2006-12-20,2.213679552078247
2006-12-21,2.1064765453338623
2006-12-22,2.027045726776123
2006-12-23,2.006826639175415
2006-12-24,1.9673383235931396
2006-12-25,1.94843590259552
2006-12-26,1.94842529296875
2006-12-27,1.9022531509399414
2006-12-28,1.850740909576416
2006-12-29,6.70045804977417
2006-12-30,8.23763370513916
2006-12-31,10.767194747924805
2007-01-01,7.026325225830078
2007-01-02,3.7946600914001465
2007-01-03,3.04655122756958
2007-01-04,2.7309746742248535
2007-01-05,2.4937238693237305
2007-01-06,2.281761884689331
2007-01-07,3.8479669094085693
2007-01-08,3.9009108543395996
2007-01-09,6.03831148147583
2007-01-10,5.703943729400635
2007-01-11,14.901151657104492
2007-01-12,10.69425106048584
2007-01-13,7.647043228149414
2007-01-14,5.986288070678711
2007-01-15,6.2664947509765625
2007-01-16,4.483525276184082
2007-01-17,3.504406690597534
2007-01-18,4.402103424072266
2007-01-19,5.6896138191223145
2007-01-20,4.767961025238037
2007-01-21,3.8959531784057617
2007-01-22,3.373530864715576
2007-01-23,3.4476325511932373
2007-01-24,3.204610824584961
2007-01-25,2.6865830421447754
2007-01-26,2.5647685527801514
2007-01-27,2.419323444366455
2007-01-28,2.3068621158599854
2007-01-29,2.191884756088257
2007-01-30,2.07155704498291
2007-01-31,1.9943206310272217
2007-02-01,1.9365862607955933
2007-02-02,1.9206721782684326
2007-02-03,1.8870940208435059
2007-02-04,1.8584449291229248
2007-02-05,1.82535982131958
2007-02-06,1.7861485481262207
2007-02-07,2.220122814178467
2007-02-08,2.3770341873168945
2007-02-09,2.7499144077301025
2007-02-10,3.43060302734375
2007-02-11,11.886479377746582
2007-02-12,8.666020393371582
2007-02-13,4.090169429779053
2007-02-14,2.810638904571533
2007-02-15,8.887978553771973
2007-02-16,6.904467582702637
2007-02-17,3.6110286712646484
2007-02-18,2.691117525100708
2007-02-19,2.317645788192749
2007-02-20,2.2331440448760986
2007-02-21,3.4745218753814697
2007-02-22,4.524711608886719
2007-02-23,3.5352835655212402
2007-02-24,2.6389849185943604
2007-02-25,2.7225847244262695
2007-02-26,2.5279128551483154
2007-02-27,3.1540884971618652
2007-02-28,2.9431405067443848
2007-03-01,4.6318488121032715
2007-03-02,4.148952960968018
2007-03-03,2.8394370079040527
2007-03-04,10.479248046875
2007-03-05,11.758727073669434
2007-03-06,8.332496643066406
2007-03-07,4.7427077293396
2007-03-08,3.220393657684326
2007-03-09,2.6564204692840576
2007-03-10,2.3187332153320312
2007-03-11,2.6442830562591553
2007-03-12,2.8079135417938232
2007-03-13,2.4660017490386963
2007-03-14,2.1741936206817627
2007-03-15,2.019613027572632
2007-03-16,2.150315046310425
2007-03-17,2.52675199508667
2007-03-18,2.8073136806488037
2007-03-19,3.169454574584961
2007-03-20,2.7558815479278564
2007-03-21,2.393808126449585
2007-03-22,2.1622278690338135
2007-03-23,1.954689860343933
2007-03-24,1.8325881958007812
2007-03-25,1.7468490600585938
2007-03-26,1.6822054386138916
2007-03-27,1.631471872329712
2007-03-28,2.8099284172058105
2007-03-29,3.665614366531372
2007-03-30,2.8739848136901855
2007-03-31,2.210110902786255
2007-04-01,1.9138394594192505
2007-04-02,1.7415766716003418
2007-04-03,1.6273335218429565
2007-04-04,1.5442566871643066
2007-04-05,1.4803472757339478
2007-04-06,1.4282163381576538
2007-04-07,1.3838309049606323
2007-04-08,1.343457579612732
2007-04-09,1.3049407005310059
2007-04-10,1.268470048904419
2007-04-11,1.2343446016311646
2007-04-12,1.202689528465271
2007-04-13,1.1718804836273193
2007-04-14,1.140845775604248
2007-04-15,1.1113626956939697
2007-04-16,1.0843614339828491
2007-04-17,1.0606889724731445
2007-04-18,1.0394105911254883
2007-04-19,1.0422651767730713
2007-04-20,1.0320477485656738
2007-04-21,1.0046312808990479
2007-04-22,0.9810918569564819
2007-04-23,0.9598767757415771
2007-04-24,0.9395617246627808
2007-04-25,1.93391752243042
2007-04-26,2.15323543548584
2007-04-27,1.6075495481491089
2007-04-28,1.3691213130950928
2007-04-29,1.2183514833450317
2007-04-30,1.113681435585022
2007-05-01,1.0363280773162842
2007-05-02,0.9761854410171509
2007-05-03,0.9279323220252991
2007-05-04,0.8871350884437561
2007-05-05,0.8517584204673767
2007-05-06,0.822706401348114
2007-05-07,0.7976030707359314
2007-05-08,0.8604789972305298
2007-05-09,0.8751145601272583
2007-05-10,2.0569908618927
2007-05-11,2.3088715076446533
2007-05-12,3.0577781200408936
2007-05-13,2.8748247623443604
2007-05-14,1.9784239530563354
2007-05-15,1.5450619459152222
2007-05-16,1.3062360286712646
2007-05-17,1.1513031721115112
2007-05-18,1.196578025817871
2007-05-19,1.5943610668182373
2007-05-20,1.5523604154586792
2007-05-21,1.264744520187378
2007-05-22,1.1159588098526
2007-05-23,1.011714220046997
2007-05-24,0.9337923526763916
2007-05-25,0.8747411370277405
2007-05-26,0.8280863165855408
2007-05-27,0.7896292209625244
2007-05-28,0.758587121963501
2007-05-29,1.7376421689987183
2007-05-30,5.450765132904053
2007-05-31,4.193394184112549
2007-06-01,2.323343276977539
2007-06-02,1.7018601894378662
2007-06-03,1.3830816745758057
2007-06-04,1.1880793571472168
2007-06-05,1.0559247732162476
2007-06-06,0.9600366353988647
2007-06-07,2.610358476638794
2007-06-08,2.7945001125335693
2007-06-09,1.8143870830535889
2007-06-10,1.4246879816055298
2007-06-11,1.1986355781555176
2007-06-12,1.40717613697052
2007-06-13,1.7764503955841064
2007-06-14,1.5794057846069336
2007-06-15,1.457184076309204
2007-06-16,2.1646628379821777
2007-06-17,2.036968946456909
2007-06-18,1.494295597076416
2007-06-19,1.2378727197647095
2007-06-20,1.8749452829360962
2007-06-21,1.898432731628418
2007-06-22,2.742096424102783
2007-06-23,5.457796096801758
2007-06-24,6.963070869445801
2007-06-25,4.129678249359131
2007-06-26,2.354349374771118
2007-06-27,1.7517536878585815
2007-06-28,1.872419834136963
2007-06-29,1.8539822101593018
2007-06-30,1.6160777807235718
2007-07-01,1.4028058052062988
2007-07-02,1.4724076986312866
2007-07-03,1.8288415670394897
2007-07-04,4.354948043823242
2007-07-05,4.6993865966796875
2007-07-06,5.292144775390625
2007-07-07,4.072099208831787
2007-07-08,2.5564486980438232
2007-07-09,1.8901466131210327
2007-07-10,1.5647271871566772
2007-07-11,1.3672189712524414
2007-07-12,1.2354629039764404
2007-07-13,2.4199023246765137
2007-07-14,4.954964637756348
2007-07-15,3.7051737308502197
2007-07-16,3.6417202949523926
2007-07-17,7.911440372467041
2007-07-18,5.238641262054443
2007-07-19,2.760363817214966
2007-07-20,2.0367867946624756
2007-07-21,2.3473973274230957
2007-07-22,3.967377185821533
2007-07-23,3.2882373332977295
2007-07-24,2.2059338092803955
2007-07-25,1.782175898551941
2007-07-26,3.060253620147705
2007-07-27,2.9203848838806152
2007-07-28,2.043532371520996
2007-07-29,1.683547854423523
2007-07-30,1.474837064743042
2007-07-31,1.3349686861038208
2007-08-01,1.2349236011505127
2007-08-02,1.1588743925094604
2007-08-03,1.0965538024902344
2007-08-04,1.0459787845611572
2007-08-05,10.858534812927246
2007-08-06,10.13957405090332
2007-08-07,4.224094390869141
2007-08-08,2.5255844593048096
2007-08-09,1.9353184700012207
2007-08-10,1.6331554651260376
2007-08-11,1.9455480575561523
2007-08-12,3.585963249206543
2007-08-13,3.135751962661743
2007-08-14,2.260308265686035
2007-08-15,1.8643207550048828
2007-08-16,1.5848768949508667
2007-08-17,1.417529821395874
2007-08-18,7.019378662109375
2007-08-19,6.735427379608154
2007-08-20,3.408073902130127
2007-08-21,2.286311626434326
2007-08-22,1.8296008110046387
2007-08-23,1.5790833234786987
2007-08-24,1.4192436933517456
2007-08-25,1.3081719875335693
2007-08-26,1.2263038158416748
2007-08-27,1.163468360900879
2007-08-28,1.1263188123703003
2007-08-29,1.0908937454223633
2007-08-30,1.0511806011199951
2007-08-31,1.0162239074707031
2007-09-01,0.9848382472991943
2007-09-02,0.9572862386703491
2007-09-03,0.9328082799911499
2007-09-04,0.9086529016494751
2007-09-05,0.8849762678146362
2007-09-06,0.8624134659767151
2007-09-07,0.8410382270812988
2007-09-08,0.8211562037467957
2007-09-09,0.8022209405899048
2007-09-10,0.7841800451278687
2007-09-11,0.7669563889503479
2007-09-12,0.750316321849823
2007-09-13,0.7357360124588013
2007-09-14,0.7230687141418457
2007-09-15,0.8739611506462097
2007-09-16,1.863063097000122
2007-09-17,2.398388147354126
2007-09-18,1.8744128942489624
2007-09-19,1.456810712814331
2007-09-20,1.2385218143463135
2007-09-21,1.0972883701324463
2007-09-22,0.9979462027549744
2007-09-23,0.9245826005935669
2007-09-24,1.3867263793945312
2007-09-25,1.583080530166626
2007-09-26,1.635953426361084
2007-09-27,1.509575366973877
2007-09-28,1.2430139780044556
2007-09-29,1.224397897720337
